{
  "1101.TW": 0.0,
  "1102.TW": 0.0,
  "1216.TW": 0.0,
  "1301.TW": 0.0,
  "1303.TW": 0.0,
  "1319.TW": 0.0,
  "1477.TW": 0.0,
  "1504.TW": 0.0,
  "2002.TW": 0.0,
  "2006.TW": 0.0,
  "2027.TW": 0.0,
  "2105.TW": 0.0,
  "2207.TW": 0.0,
  "2301.TW": 0.0,
  "2303.TW": 0.0,
  "2308.TW": 0.0,
  "2317.TW": 0.0,
  "2324.TW": 0.0,
  "2327.TW": 0.0,
  "2330.TW": 0.0,
  "2345.TW": 0.00161,
  "2347.TW": 0.0,
  "2353.TW": 0.0,
  "2356.TW": 0.0,
  "2357.TW": 0.0,
  "2376.TW": 0.0,
  "2377.TW": 0.0,
  "2379.TW": 0.49004,
  "2382.TW": 0.0,
  "2383.TW": 0.0,
  "2385.TW": 0.0,
  "2395.TW": 0.0,
  "2412.TW": 0.0,
  "2449.TW": 0.0,
  "2454.TW": 0.0,
  "2474.TW": 0.0,
  "2603.TW": 0.0,
  "2609.TW": 0.0,
  "2615.TW": 0.0,
  "2618.TW": 0.0,
  "2880.TW": 0.0,
  "2881.TW": 0.0,
  "2882.TW": 0.0,
  "2883.TW": 0.0,
  "2884.TW": 0.0,
  "2885.TW": 0.0,
  "2886.TW": 0.0,
  "2887.TW": 0.0,
  "2912.TW": 0.05079,
  "3005.TW": 0.0,
  "3008.TW": 0.0,
  "3017.TW": 0.0,
  "3023.TW": 0.0,
  "3034.TW": 0.0,
  "3036.TW": 0.0,
  "3044.TW": 0.0,
  "3045.TW": 0.02688,
  "3231.TW": 0.0,
  "3661.TW": 0.0,
  "3702.TW": 0.0,
  "3711.TW": 0.0,
  "4904.TW": 0.0,
  "4938.TW": 0.0,
  "4958.TW": 0.0,
  "5871.TW": 0.0,
  "5876.TW": 0.0,
  "5880.TW": 0.0,
  "6176.TW": 0.0,
  "6239.TW": 0.0,
  "6285.TW": 0.0,
  "6446.TW": 0.0,
  "6505.TW": 0.0,
  "6669.TW": 0.43068,
  "9904.TW": 0.0,
  "9941.TW": 0.0
}