{
  "2317.TW": 0.0,
  "2330.TW": 0.99786,
  "2454.TW": 0.00214
}