{
  "2330.TW": 0.18155133243455435,
  "2454.TW": -0.03018232656218129,
  "2317.TW": 0.08592037922947848,
  "2308.TW": 0.09885937708066715,
  "2382.TW": 0.08635188090196098,
  "2881.TW": 0.04821473010268581,
  "2882.TW": 0.04809807577289968,
  "2884.TW": 0.053629480106230865,
  "2303.TW": 0.029678629124895523,
  "3711.TW": 0.11762752835442879,
  "2886.TW": 0.030194533726392928,
  "2412.TW": 0.0875051806040889,
  "2357.TW": 0.05017050428284113,
  "1216.TW": 0.08547254744819473,
  "2345.TW": 0.11412681413148848,
  "2885.TW": 0.045065020180909375,
  "3231.TW": 0.08276180978795451,
  "2887.TW": 0.056571670232473364,
  "3661.TW": 0.09793657630715816,
  "3017.TW": 0.1026387199345592,
  "2383.TW": 0.1163781242193009,
  "3034.TW": 0.052279780717706545,
  "2379.TW": 0.030212922994727286,
  "2880.TW": 0.03029776347901016,
  "6669.TW": 0.07805371365226156,
  "5880.TW": 0.11259488436761494,
  "2883.TW": 0.02998780765193393,
  "3008.TW": 0.10383201174728225,
  "2301.TW": 0.08582341855195562,
  "2002.TW": 0.04426076019538357,
  "2603.TW": 0.05325819191967591,
  "2327.TW": 0.09168008732091557,
  "5871.TW": -0.029616041667111338,
  "5876.TW": 0.0634282490396348,
  "1301.TW": 0.043736539669166234,
  "1101.TW": 0.031798996372964565,
  "4938.TW": 0.051521022893447295,
  "2207.TW": 0.05179272398224885,
  "2395.TW": 0.08170700299869708,
  "3045.TW": 0.0830564170943874,
  "4904.TW": 0.06735830216667223,
  "1303.TW": -0.06499783612976903,
  "2912.TW": 0.05071764810166399,
  "6446.TW": 0.08136209378983227,
  "2615.TW": 0.04224508178191757,
  "2609.TW": -0.07527252289419424,
  "6505.TW": 0.03476955684470653,
  "2347.TW": -0.03733396962580971,
  "2618.TW": 0.05757661599456559,
  "9939.TW": 0.11148132796449874,
  "5434.TW": 0.048236874467969044,
  "2474.TW": 0.09347604413400289,
  "3036.TW": 0.05291444250512794,
  "2324.TW": 0.02971519708810392,
  "1477.TW": 0.08447025622921905,
  "2610.TW": 0.05225868819150291,
  "6196.TW": -0.2673034703411496,
  "6257.TW": 0.07525068957452957,
  "1210.TW": 0.08471643971666011,
  "4766.TW": 0.05967762408327836,
  "9917.TW": 0.09608271763284147,
  "2206.TW": 0.05013745276461474,
  "4915.TW": 0.0813509970426848,
  "2393.TW": -0.029857587161073396,
  "6670.TW": 0.05258229294857662,
  "6176.TW": 0.056013064886027655,
  "6278.TW": 0.08599967551341396,
  "2504.TW": 0.29635630512349787,
  "9904.TW": 0.02960124444490523,
  "2006.TW": 0.037119807806946285,
  "3044.TW": 0.09887247921019218,
  "2607.TW": 0.030323571060246055,
  "1215.TW": 0.08878341666733659,
  "3030.TW": 0.05669361814015268,
  "6605.TW": -0.06583661877136066,
  "2441.TW": 0.09718698573006593,
  "2385.TW": -0.04443111053908739,
  "2850.TW": 0.05281130540701779,
  "3592.TW": 0.07200279692720239,
  "6239.TW": 0.03674737078236658,
  "3010.TW": 0.043838899822440366,
  "2015.TW": 0.037004228231299445,
  "2376.TW": 0.05239658865161142,
  "2356.TW": 0.09617392640167076,
  "2105.TW": 0.02968256494345158,
  "1102.TW": 0.09757140711737594,
  "2449.TW": 0.1045766806176311,
  "2377.TW": 0.05167548925196151,
  "3702.TW": 0.06618919583950632,
  "1504.TW": 0.052371173901037536,
  "4958.TW": 0.0517910672617972,
  "2353.TW": 0.08450744504515718,
  "3005.TW": 0.113093842839344,
  "2027.TW": 0.1312107079953812,
  "1319.TW": 0.05258805610590932,
  "6285.TW": 0.1064737127771396,
  "3023.TW": 0.02919388104489765,
  "9941.TW": 0.02918351705235839
}