{
  "1101.TW":-0.3598771517,
  "1102.TW":0.0214980388,
  "1210.TW":0.1205040961,
  "1215.TW":0.239241606,
  "1216.TW":0.0178199617,
  "1301.TW":-0.4261137842,
  "1303.TW":-0.5496715216,
  "1319.TW":0.1185185095,
  "1477.TW":-0.4614750099,
  "1504.TW":0.0535750123,
  "2002.TW":-0.1781725159,
  "2006.TW":-0.0820640214,
  "2015.TW":-0.138584932,
  "2027.TW":-0.0571883101,
  "2105.TW":-0.0987230817,
  "2206.TW":-0.1530940692,
  "2207.TW":-0.1170851891,
  "2301.TW":0.1395336088,
  "2303.TW":-0.0847305361,
  "2308.TW":0.3558257226,
  "2317.TW":-0.1244004973,
  "2324.TW":-0.0413615542,
  "2327.TW":-0.1565968873,
  "2330.TW":0.2308638477,
  "2345.TW":0.4822098286,
  "2347.TW":-0.0122615596,
  "2353.TW":-0.3568541352,
  "2356.TW":-0.1362650005,
  "2357.TW":0.3809300397,
  "2376.TW":0.0929079481,
  "2377.TW":-0.1567338375,
  "2379.TW":0.155851517,
  "2382.TW":-0.0053082338,
  "2383.TW":0.958763078,
  "2385.TW":-0.1211273154,
  "2393.TW":0.0089373084,
  "2395.TW":-0.0692817753,
  "2412.TW":0.1113482616,
  "2441.TW":0.009648888,
  "2449.TW":0.0635692937,
  "2454.TW":0.2010041553,
  "2474.TW":0.1268361508,
  "2504.TW":-0.1324755948,
  "2603.TW":0.3565046216,
  "2607.TW":0.1828879008,
  "2609.TW":0.1779329548,
  "2610.TW":0.0017654141,
  "2615.TW":0.3025103041,
  "2618.TW":0.2256646849,
  "2850.TW":0.1141692881,
  "2880.TW":0.1177724853,
  "2881.TW":0.1099694453,
  "2882.TW":0.0950662408,
  "2883.TW":0.0501346959,
  "2884.TW":0.2129991421,
  "2885.TW":0.0646088033,
  "2886.TW":0.0658657447,
  "2887.TW":-0.0363878098,
  "2912.TW":-0.0286883635,
  "3005.TW":0.1636446374,
  "3008.TW":-0.1101762489,
  "3010.TW":-0.3349173522,
  "3017.TW":0.3469859106,
  "3023.TW":-0.3717645673,
  "3030.TW":0.0548315195,
  "3034.TW":-0.0074795255,
  "3036.TW":0.2445591798,
  "3044.TW":0.3451539579,
  "3045.TW":0.0726715669,
  "3231.TW":0.2082679853,
  "3592.TW":0.0597160556,
  "3661.TW":0.3386662255,
  "3702.TW":-0.2073859071,
  "3711.TW":-0.0374045432,
  "4766.TW":-0.0031069113,
  "4904.TW":0.0124236648,
  "4915.TW":-0.1371391906,
  "4938.TW":-0.1936392802,
  "4958.TW":-0.1324920327,
  "5434.TW":0.1360909983,
  "5871.TW":-0.1330892909,
  "5876.TW":0.1051997734,
  "5880.TW":0.0267537084,
  "6176.TW":-0.1785812294,
  "6196.TW":0.3932688969,
  "6239.TW":-0.2570651758,
  "6257.TW":0.1123785776,
  "6278.TW":-0.1139487292,
  "6285.TW":-0.143743501,
  "6446.TW":-0.1421328024,
  "6505.TW":-0.5276961065,
  "6605.TW":-0.342384135,
  "6669.TW":0.1948609477,
  "6670.TW":0.1257443634,
  "9904.TW":-0.1355880262,
  "9917.TW":-0.1226059046,
  "9939.TW":-0.0645897473,
  "9941.TW":-0.3600797045
}