{
  "pe":{
    "2330.TW":22.622622,
    "2454.TW":21.549747,
    "2317.TW":13.3306,
    "2308.TW":32.85151,
    "2382.TW":15.861466,
    "2881.TW":7.3136916,
    "2882.TW":9.365782,
    "2884.TW":19.692738,
    "2303.TW":11.648794,
    "2412.TW":27.018635,
    "2886.TW":20.000002,
    "3711.TW":19.947159,
    "2357.TW":12.2492285,
    "1216.TW":24.084507,
    "2345.TW":29.062737,
    "2885.TW":12.226416,
    "3231.TW":17.905918,
    "2887.TW":13.284672,
    "3034.TW":14.686857,
    "3661.TW":44.32406,
    "2379.TW":17.91551,
    "3017.TW":34.276474,
    "2383.TW":31.375679,
    "2880.TW":17.198795,
    "5880.TW":20.725807,
    "6669.TW":17.050095,
    "2883.TW":7.738693,
    "2301.TW":20.818506,
    "3008.TW":11.875258,
    "2603.TW":2.9000146,
    "2002.TW":170.90909,
    "2327.TW":12.724968,
    "5871.TW":10.046369,
    "5876.TW":15.824561,
    "1101.TW":18.699186,
    "2207.TW":16.228977,
    "2395.TW":30.107048,
    "4938.TW":12.128936,
    "1301.TW":20.0,
    "3045.TW":22.280334,
    "4904.TW":22.664835,
    "2912.TW":23.91107,
    "1303.TW":86.71875,
    "6446.TW":45.493565,
    "2615.TW":5.0900164,
    "2609.TW":3.5666292,
    "6505.TW":74.18367,
    "2618.TW":6.9494586,
    "2376.TW":18.08646,
    "3036.TW":15.2809,
    "1102.TW":11.869436,
    "2356.TW":19.406393,
    "2105.TW":17.633928,
    "2449.TW":26.449276,
    "2474.TW":12.331969,
    "2324.TW":12.297873,
    "3044.TW":14.268728,
    "2377.TW":22.63407,
    "3702.TW":18.35,
    "1504.TW":17.481617,
    "2347.TW":12.792453,
    "4958.TW":12.626832,
    "6239.TW":15.320797,
    "2385.TW":10.880399,
    "2353.TW":19.130434,
    "3005.TW":16.27907,
    "2027.TW":19.68208,
    "1319.TW":12.658228,
    "1477.TW":14.5180025,
    "6176.TW":10.410557,
    "9904.TW":5.6015778,
    "6285.TW":15.456989,
    "3023.TW":15.376712,
    "2006.TW":10.687398,
    "9941.TW":12.423873
  },
  "roe":{
    "2330.TW":31.641,
    "2454.TW":27.253,
    "2317.TW":10.9139994,
    "2308.TW":16.348,
    "2382.TW":35.954,
    "2881.TW":17.561,
    "2882.TW":11.902001,
    "2884.TW":11.274,
    "2303.TW":11.552,
    "2412.TW":9.6269995,
    "2886.TW":8.483,
    "3711.TW":11.062,
    "2357.TW":14.129,
    "1216.TW":15.042,
    "2345.TW":42.457,
    "2885.TW":10.966,
    "3231.TW":20.895,
    "2887.TW":8.767,
    "3034.TW":28.523,
    "3661.TW":17.846,
    "2379.TW":36.409,
    "3017.TW":37.394002,
    "2383.TW":37.338,
    "2880.TW":10.195,
    "5880.TW":7.503,
    "6669.TW":37.799,
    "2883.TW":11.5380004,
    "2301.TW":14.973,
    "3008.TW":15.145001,
    "2603.TW":26.861,
    "2002.TW":1.031,
    "2327.TW":13.623,
    "5871.TW":12.734,
    "5876.TW":5.6550004,
    "1101.TW":4.62,
    "2207.TW":21.508,
    "2395.TW":21.180001,
    "4938.TW":8.9779995,
    "1301.TW":-0.447,
    "3045.TW":16.823,
    "4904.TW":13.956,
    "2912.TW":25.265,
    "1303.TW":0.714,
    "6446.TW":14.565,
    "2615.TW":20.964001,
    "2609.TW":19.596,
    "6505.TW":1.433,
    "2618.TW":27.024,
    "2376.TW":24.437,
    "3036.TW":10.596,
    "1102.TW":5.6750003,
    "2356.TW":12.4,
    "2105.TW":8.609,
    "2449.TW":11.1719996,
    "2474.TW":6.927,
    "2324.TW":8.598,
    "3044.TW":17.758,
    "2377.TW":10.922,
    "3702.TW":8.284,
    "1504.TW":7.732,
    "2347.TW":12.752,
    "4958.TW":8.76,
    "6239.TW":11.066,
    "2385.TW":22.780001,
    "2353.TW":6.938,
    "3005.TW":20.357001,
    "2027.TW":6.35,
    "1319.TW":16.701001,
    "1477.TW":32.228002,
    "6176.TW":16.803,
    "9904.TW":9.964,
    "6285.TW":11.0819995,
    "3023.TW":22.293,
    "2006.TW":14.983,
    "9941.TW":11.9770005
  }
}