{
  "2330.TW": 0.00128,
  "2317.TW": 0.99872
}