{
  "pe":{
    "2330.TW":23.046091,
    "2317.TW":13.5245905
  },
  "roe":{
    "2330.TW":31.641,
    "2317.TW":10.9139994
  },
  "rev_growth":{
    "2330.TW":33.8881328606,
    "2317.TW":11.3172522273
  }
}