{
  "pe":{
    "4904.TW":22.582417,
    "3045.TW":22.280334,
    "2912.TW":24.069027,
    "2884.TW":19.692738,
    "2887.TW":13.430656,
    "2347.TW":12.773583,
    "3034.TW":14.68254,
    "2303.TW":11.675603,
    "2618.TW":7.021661,
    "2357.TW":12.33616,
    "9939.TW":15.878023,
    "5434.TW":14.806319,
    "2474.TW":12.478083,
    "2324.TW":12.446809,
    "3036.TW":14.960629,
    "1477.TW":14.74173,
    "2610.TW":8.426294,
    "6257.TW":14.077329,
    "2885.TW":12.094339,
    "6196.TW":20.675943,
    "1210.TW":15.023586,
    "4766.TW":13.941019,
    "4915.TW":12.798635,
    "9917.TW":17.121212,
    "2206.TW":10.931034,
    "6670.TW":9.691253,
    "2393.TW":12.096774,
    "2883.TW":7.7638187,
    "6176.TW":10.528247,
    "6278.TW":10.220729,
    "2504.TW":10.166667,
    "9904.TW":5.719921,
    "2006.TW":10.605565,
    "2881.TW":7.287695,
    "2882.TW":9.306784,
    "3044.TW":14.714625,
    "2607.TW":11.877132,
    "1215.TW":16.383812,
    "3030.TW":18.379684,
    "6605.TW":10.0271,
    "2441.TW":13.565022,
    "2385.TW":10.963455,
    "2850.TW":9.70825,
    "3592.TW":13.716814,
    "6239.TW":15.448505,
    "3010.TW":10.687712,
    "2211.TW":11.860465,
    "2330.TW":22.622622,
    "2454.TW":21.247326,
    "2317.TW":13.442623,
    "2308.TW":32.72131,
    "2382.TW":15.783343,
    "2412.TW":27.018635,
    "2886.TW":19.928911,
    "3711.TW":20.01321,
    "1216.TW":24.197184,
    "2345.TW":28.884687,
    "3231.TW":17.93313,
    "3661.TW":46.1529,
    "2379.TW":18.013573,
    "2383.TW":31.026785,
    "3017.TW":34.08724,
    "2880.TW":17.46988,
    "5880.TW":20.766129,
    "6669.TW":16.696138,
    "2301.TW":20.462633,
    "3008.TW":12.083032,
    "2603.TW":2.9148629,
    "2002.TW":175.0,
    "2327.TW":12.92448,
    "5871.TW":10.085008,
    "5876.TW":15.649123,
    "1101.TW":19.227642,
    "1301.TW":20.0,
    "2207.TW":16.20425,
    "4938.TW":12.21889,
    "2395.TW":29.527208,
    "1303.TW":91.40625,
    "6446.TW":46.998287,
    "2615.TW":5.035461,
    "2609.TW":3.549832,
    "6505.TW":77.95918,
    "2376.TW":18.245392,
    "2356.TW":19.383562,
    "2105.TW":17.834822,
    "1102.TW":11.498517,
    "2449.TW":26.932367,
    "2377.TW":22.949526,
    "3702.TW":18.375,
    "1504.TW":17.555147,
    "4958.TW":12.852311,
    "2353.TW":19.161491,
    "3005.TW":16.27907,
    "2027.TW":20.115606,
    "1319.TW":12.974684,
    "6285.TW":15.725806,
    "3023.TW":15.729952,
    "9941.TW":12.667479
  },
  "roe":{
    "4904.TW":13.956,
    "3045.TW":16.823,
    "2912.TW":25.265,
    "2884.TW":11.274,
    "2887.TW":8.767,
    "2347.TW":12.752,
    "3034.TW":28.523,
    "2303.TW":11.552,
    "2618.TW":27.024,
    "2357.TW":14.129,
    "9939.TW":16.194999,
    "5434.TW":24.525999,
    "2474.TW":6.927,
    "2324.TW":8.598,
    "3036.TW":10.596,
    "1477.TW":32.228002,
    "2610.TW":19.15,
    "6257.TW":14.816,
    "2885.TW":10.966,
    "6196.TW":17.278999,
    "1210.TW":13.299,
    "4766.TW":20.152001,
    "4915.TW":13.848,
    "9917.TW":21.367,
    "2206.TW":17.458001,
    "6670.TW":27.262,
    "2393.TW":14.288999,
    "2883.TW":11.5380004,
    "6176.TW":16.803,
    "6278.TW":14.566,
    "2504.TW":16.664,
    "9904.TW":9.964,
    "2006.TW":14.983,
    "2881.TW":17.561,
    "2882.TW":11.902001,
    "3044.TW":17.758,
    "2607.TW":9.262,
    "1215.TW":21.017,
    "3030.TW":23.686,
    "6605.TW":15.998,
    "2441.TW":11.213,
    "2385.TW":22.780001,
    "2850.TW":16.520001,
    "3592.TW":18.797001,
    "6239.TW":11.066,
    "3010.TW":11.571,
    "2211.TW":10.155,
    "2330.TW":31.641,
    "2454.TW":27.253,
    "2317.TW":10.9139994,
    "2308.TW":16.348,
    "2382.TW":35.954,
    "2412.TW":9.6269995,
    "2886.TW":8.483,
    "3711.TW":11.062,
    "1216.TW":15.042,
    "2345.TW":42.457,
    "3231.TW":20.895,
    "3661.TW":17.846,
    "2379.TW":36.409,
    "2383.TW":37.338,
    "3017.TW":37.394002,
    "2880.TW":10.195,
    "5880.TW":7.503,
    "6669.TW":37.799,
    "2301.TW":14.973,
    "3008.TW":15.145001,
    "2603.TW":26.861,
    "2002.TW":1.031,
    "2327.TW":13.623,
    "5871.TW":12.734,
    "5876.TW":5.6550004,
    "1101.TW":4.62,
    "1301.TW":-0.447,
    "2207.TW":21.508,
    "4938.TW":8.9779995,
    "2395.TW":21.180001,
    "1303.TW":0.714,
    "6446.TW":14.565,
    "2615.TW":20.964001,
    "2609.TW":19.596,
    "6505.TW":1.433,
    "2376.TW":24.437,
    "2356.TW":12.4,
    "2105.TW":8.609,
    "1102.TW":5.6750003,
    "2449.TW":11.1719996,
    "2377.TW":10.922,
    "3702.TW":8.284,
    "1504.TW":7.732,
    "4958.TW":8.76,
    "2353.TW":6.938,
    "3005.TW":20.357001,
    "2027.TW":6.35,
    "1319.TW":16.701001,
    "6285.TW":11.0819995,
    "3023.TW":22.293,
    "9941.TW":11.9770005
  }
}