{
  "pe":{
    "2330.TW":22.622622,
    "2317.TW":13.3306,
    "2454.TW":21.549747
  },
  "roe":{
    "2330.TW":31.641,
    "2317.TW":10.9139994,
    "2454.TW":27.253
  }
}