{
  "pe":{
    "2330.TW":23.123123,
    "2317.TW":13.565574,
    "2454.TW":21.582733
  },
  "roe":{
    "2330.TW":31.641,
    "2317.TW":10.9139994,
    "2454.TW":27.253
  }
}