{
  "2330.TW::3::3647092093268492421": 0.22766936926561862,
  "2454.TW::3::8372703182278023522": 0.048,
  "2317.TW::3::-7682801459190930095": 0.127,
  "2308.TW::3::5101931544290331986": 0.065,
  "2382.TW::3::8698620515600944264": 0.171,
  "2881.TW::3::1366630847083486409": -0.201,
  "2882.TW::3::2784556747083900956": 0.029,
  "2884.TW::3::-1359052521767028167": 0.1113,
  "2303.TW::3::1117180499253116967": 0.257,
  "3711.TW::3::-5742668094281039078": 0.171,
  "2886.TW::3::-4557239951866489612": 0.06,
  "2412.TW::3::-4980129181859289443": 0.057,
  "2357.TW::3::-2957402249985961563": 0.38087511125451934,
  "1216.TW::3::6504431451512563478": 0.257,
  "2345.TW::3::7379897262555447335": 0.49085470116788243,
  "2885.TW::3::5231843513806186109": 0.1114,
  "3231.TW::3::7468103298850396976": 0.112,
  "2887.TW::3::-5467540287184285690": 0.025,
  "3661.TW::3::8518776920769757665": 0.042,
  "3017.TW::3::7562089460798745235": 0.081,
  "2383.TW::3::-5609127005478416841": 0.171,
  "3034.TW::3::5540110737852567927": -0.003,
  "2379.TW::3::1352188019227918873": 0.17102216914492116,
  "2880.TW::3::-4262731806498729144": 0.118,
  "6669.TW::3::-4529771569770572067": 0.125,
  "5880.TW::3::8731076825444305606": 0.045,
  "2883.TW::3::4315614298612605268": -0.085,
  "3008.TW::3::-6695667269526016633": -0.1,
  "2301.TW::3::-1615262524000607503": 0.257,
  "2002.TW::3::5600677460700102527": -0.1899,
  "2603.TW::3::-8500065113701995671": 0.22766936926561862,
  "2327.TW::3::2152845277278817574": 0.075,
  "5871.TW::3::-8130437377792630765": 0.1,
  "5876.TW::3::-4527953054718289909": 0.0,
  "1301.TW::3::-1202394034264009497": -0.2,
  "1101.TW::3::5746199080954621983": -0.15,
  "4938.TW::3::1830248288419660807": -0.015,
  "2207.TW::3::-3943120512705916405": -0.1,
  "2395.TW::3::-36654441389953995": 0.0007,
  "3045.TW::3::-8237920873481617336": 0.057,
  "4904.TW::3::-484708350328405234": 0.0138,
  "1303.TW::3::-2031075587622095895": -0.4306,
  "2912.TW::3::1539550907833858500": 0.111814,
  "6446.TW::3::1715077351244317637": 0.135,
  "2615.TW::3::-2941231577545432229": 0.227,
  "2609.TW::3::-124294328132891961": -0.131,
  "6505.TW::3::8950065334315609857": -0.15,
  "2347.TW::3::7444031805087463143": -0.131,
  "2618.TW::3::1419674500158945697": 0.11137751142853446,
  "9939.TW::3::2516509274681047794": 0.225,
  "5434.TW::3::3946370808641820363": 0.045,
  "2474.TW::3::-7360285745404268574": -0.08,
  "3036.TW::3::-7782275885232940972": 0.1,
  "2324.TW::3::-7815773697287614174": 0.065,
  "1477.TW::3::-982458490766417924": -0.086,
  "2610.TW::3::-8355943234423197082": 0.257,
  "6196.TW::3::-1532569750356843014": -0.1,
  "6257.TW::3::6046549871618247237": 0.171,
  "1210.TW::3::8475903185681797736": 0.257,
  "4766.TW::3::-3621699478462040672": 0.102,
  "9917.TW::3::7758380600862257979": 0.085,
  "2206.TW::3::-6716777278058192448": 0.025,
  "4915.TW::3::16356149292232298": 0.035,
  "2393.TW::3::-4623349010409444014": 0.045,
  "6670.TW::3::4090731512178904533": -0.12,
  "6176.TW::3::1995090125615153455": 0.012,
  "6278.TW::3::-4706331976071330906": 0.1005,
  "2504.TW::3::607656419674200403": 0.2,
  "9904.TW::3::9111354451608044383": 0.171,
  "2006.TW::3::-1628184595159740303": -0.1,
  "3044.TW::3::-900833266297115194": 0.057,
  "2607.TW::3::-3690838156491788108": 0.045,
  "1215.TW::3::1035705198339648939": 0.017,
  "3030.TW::3::6780839636486163927": 0.157,
  "6605.TW::3::-5176715637742896702": 0.034,
  "2441.TW::3::-167062743666217774": 0.139,
  "2385.TW::3::-157500908191893594": -0.1216,
  "2850.TW::3::5091979786670059603": 0.074,
  "3592.TW::3::4307973259494286964": 0.000683,
  "6239.TW::3::7348557373080658418": -0.061,
  "3010.TW::3::1681432192214562635": -0.055,
  "2015.TW::3::-6908228728149507383": 0.0,
  "2376.TW::3::495199191109495551": 0.171,
  "2356.TW::3::-8185473521720643950": 0.1,
  "2105.TW::3::2360048005134875697": 0.171,
  "1102.TW::3::208633410230277439": 0.257249,
  "2449.TW::3::-5191809389749874754": 0.057,
  "2377.TW::3::-6022781853268136596": 0.17102216914492116,
  "3702.TW::3::1420345585055353288": 0.111,
  "1504.TW::3::6169969826509632158": 0.065,
  "4958.TW::3::-8541918018294378435": 0.118,
  "2353.TW::3::6040835239963055808": -0.3614,
  "3005.TW::3::6297530807278176799": 0.1555,
  "2027.TW::3::6423969874391350409": 0.045,
  "1319.TW::3::3219535627686264646": 0.10857477989830691,
  "6285.TW::3::-88874454558755752": 0.257,
  "3023.TW::3::4164013099750979436": -0.08,
  "9941.TW::3::5054578008414191356": -0.1,
  "2330.TW::3::4473018474208044120": 0.038,
  "2454.TW::3::-1028067181131821649": 0.03,
  "2317.TW::3::-3406961282407559706": 0.048,
  "2308.TW::3::-6271980062903208055": 0.06,
  "2382.TW::3::3294636644417005728": 0.059,
  "2881.TW::3::-3852221106289480443": 0.028,
  "2882.TW::3::2868973004933416024": 0.032,
  "2884.TW::3::-1610337588629562474": 0.036,
  "2303.TW::3::3407435028002394201": 0.038,
  "3711.TW::3::6141870443332140361": 0.032,
  "2886.TW::3::-465624061231771830": 0.032,
  "2412.TW::3::5538580483210939317": 0.035,
  "2357.TW::3::962314825155740545": 0.048,
  "1216.TW::3::4362956804336906230": 0.065,
  "2345.TW::3::-7711619711632147056": 0.062,
  "2885.TW::3::6555165763978318161": 0.038,
  "3231.TW::3::1102586179569803660": 0.035,
  "2887.TW::3::6155739849641340642": 0.035,
  "3661.TW::3::-6525045476226140838": 0.035,
  "3017.TW::3::-6907193787958960472": 0.052,
  "2383.TW::3::-4076855465578867724": 0.052,
  "3034.TW::3::-8513816251364090572": 0.025,
  "2379.TW::3::-1476679573546700739": 0.035,
  "2880.TW::3::388474775051707604": 0.035,
  "6669.TW::3::-2891698815088206478": 0.12,
  "5880.TW::3::1702150770017450394": 0.02,
  "2883.TW::3::-9148544061647548549": -0.02,
  "3008.TW::3::-1809842215617073495": -0.03,
  "2301.TW::3::-7435250715956531077": 0.055,
  "2002.TW::3::7380101562529668086": 0.025,
  "2603.TW::3::-2588737852193908512": 0.032,
  "2327.TW::3::1124796847854252809": 0.055,
  "5871.TW::3::-6706043939256682354": 0.02,
  "5876.TW::3::-2987720930972039740": 0.02,
  "1301.TW::3::-3550364322053594520": 0.03,
  "1101.TW::3::6939312030566770723": -0.02,
  "4938.TW::3::-5132228514552495820": 0.02,
  "2207.TW::3::-3686747614118111482": 0.027,
  "2395.TW::3::7551043142662627014": 0.0249,
  "3045.TW::3::3567671424970969584": 0.03,
  "4904.TW::3::8662058202396879796": 0.035,
  "1303.TW::3::-5154551917524194987": -0.05,
  "2912.TW::3::2408893802801530231": 0.035,
  "6446.TW::3::-3567196620641322487": 0.035,
  "2615.TW::3::-6586560990052200893": 0.056,
  "2609.TW::3::-6534242322649875534": -0.015,
  "6505.TW::3::-5608828403235674114": 0.02,
  "2347.TW::3::7613252991007234189": 0.025,
  "2618.TW::3::-6090188381346746550": 0.038,
  "9939.TW::3::-6202880703287833469": 0.055,
  "5434.TW::3::7540093570388643287": 0.052,
  "2474.TW::3::-2704397775955002135": 0.025,
  "3036.TW::3::3010133326189299013": 0.038,
  "2324.TW::3::4156207604964969011": 0.065,
  "1477.TW::3::-3262171928902847296": 0.015,
  "2610.TW::3::5541513026851290182": 0.073,
  "6196.TW::3::-6041897969930442724": 0.035,
  "6257.TW::3::4342895988951193070": 0.052,
  "1210.TW::3::1800214042004718367": 0.058,
  "4766.TW::3::4887980559720787444": 0.065,
  "9917.TW::3::-5477716478743802381": 0.03,
  "2206.TW::3::8341129899043700255": 0.027,
  "4915.TW::3::2869604762617077507": 0.023,
  "2393.TW::3::186517122407333489": 0.025,
  "6670.TW::3::5853039518970709737": 0.03,
  "6176.TW::3::-9204846958747567171": 0.03,
  "6278.TW::3::888995201870622626": 0.079,
  "2504.TW::3::-8192540071883143524": 0.068,
  "9904.TW::3::8139358589816285100": 0.025,
  "2006.TW::3::2657527674803834432": 0.02,
  "3044.TW::3::-720710958543825407": 0.038,
  "2607.TW::3::7159280028729606999": 0.02,
  "1215.TW::3::-8337023091633592649": 0.038,
  "3030.TW::3::-5161053872957861677": 0.052,
  "6605.TW::3::1528827885110091853": 0.02,
  "2441.TW::3::-8330490690588484499": 0.058,
  "2385.TW::3::1652514297442472880": -0.025,
  "2850.TW::3::5174081534804273202": 0.035,
  "3592.TW::3::3693884632258909661": 0.03,