{
  "pe":{
    "2330.TW":23.146292,
    "2454.TW":21.553043,
    "2317.TW":13.565574,
    "2308.TW":33.442837,
    "2382.TW":15.919674,
    "2881.TW":7.2530327,
    "2882.TW":9.233038,
    "2884.TW":19.553074,
    "2303.TW":11.648794,
    "3711.TW":20.316624,
    "2886.TW":20.000002,
    "2412.TW":26.763485,
    "2357.TW":12.331146,
    "1216.TW":24.253521,
    "2345.TW":30.124575,
    "2885.TW":12.075471,
    "3231.TW":18.057663,
    "2887.TW":13.138686,
    "3661.TW":48.309772,
    "3017.TW":35.970932,
    "2383.TW":32.67453,
    "3034.TW":14.575376,
    "2379.TW":18.049984,
    "2880.TW":17.379519,
    "6669.TW":17.637043,
    "5880.TW":20.725807,
    "2883.TW":7.7638187,
    "3008.TW":12.578778,
    "2301.TW":20.67736,
    "2002.TW":172.72728,
    "2603.TW":2.8860028,
    "2327.TW":12.988332,
    "5871.TW":10.007729,
    "5876.TW":15.754387,
    "1301.TW":26.75862,
    "1101.TW":19.06504,
    "4938.TW":12.09895,
    "2207.TW":16.366854,
    "2395.TW":29.76827,
    "3045.TW":22.175732,
    "4904.TW":22.637362,
    "1303.TW":91.875,
    "2912.TW":23.932787,
    "6446.TW":46.95801,
    "2615.TW":5.013639,
    "2609.TW":3.5218365,
    "6505.TW":79.38776,
    "2347.TW":12.660377,
    "2618.TW":6.9314084,
    "9939.TW":15.667718,
    "5434.TW":14.839367,
    "2474.TW":12.4561405,
    "3036.TW":14.943821,
    "2324.TW":12.340426,
    "1477.TW":14.683692,
    "2610.TW":8.326694,
    "6196.TW":21.00298,
    "6257.TW":14.024605,
    "1210.TW":14.787737,
    "4766.TW":13.794643,
    "9917.TW":17.170952,
    "2206.TW":11.068965,
    "4915.TW":12.645051,
    "2393.TW":12.258065,
    "6670.TW":9.670782,
    "6176.TW":10.491563,
    "6278.TW":10.12476,
    "2504.TW":10.089743,
    "9904.TW":5.680473,
    "2006.TW":10.556464,
    "3044.TW":14.753123,
    "2607.TW":11.843003,
    "1215.TW":16.318539,
    "3030.TW":18.077387,
    "6605.TW":9.832069,
    "2441.TW":13.475336,
    "2385.TW":10.963455,
    "2850.TW":9.71831,
    "3592.TW":13.813005,
    "6239.TW":15.337764,
    "3010.TW":10.59752,
    "2015.TW":16.309227,
    "2376.TW":18.380953,
    "2356.TW":19.726027,
    "2105.TW":17.790178,
    "1102.TW":11.587537,
    "2449.TW":26.449276,
    "2377.TW":22.949526,
    "3702.TW":18.25,
    "1504.TW":17.573528,
    "4958.TW":12.908681,
    "2353.TW":19.223602,
    "3005.TW":16.34747,
    "2027.TW":19.797688,
    "1319.TW":12.7215185,
    "6285.TW":15.658602,
    "3023.TW":15.674196,
    "9941.TW":12.606577
  },
  "roe":{
    "2330.TW":31.641,
    "2454.TW":27.253,
    "2317.TW":10.9139994,
    "2308.TW":16.348,
    "2382.TW":35.954,
    "2881.TW":17.561,
    "2882.TW":11.902001,
    "2884.TW":11.274,
    "2303.TW":11.552,
    "3711.TW":11.062,
    "2886.TW":8.483,
    "2412.TW":9.6269995,
    "2357.TW":14.129,
    "1216.TW":15.042,
    "2345.TW":42.457,
    "2885.TW":10.966,
    "3231.TW":20.895,
    "2887.TW":8.767,
    "3661.TW":17.846,
    "3017.TW":37.394002,
    "2383.TW":37.338,
    "3034.TW":28.523,
    "2379.TW":36.409,
    "2880.TW":10.195,
    "6669.TW":37.799,
    "5880.TW":7.503,
    "2883.TW":11.5380004,
    "3008.TW":15.145001,
    "2301.TW":14.973,
    "2002.TW":1.031,
    "2603.TW":26.861,
    "2327.TW":13.623,
    "5871.TW":12.734,
    "5876.TW":5.6550004,
    "1301.TW":-0.447,
    "1101.TW":4.62,
    "4938.TW":8.9779995,
    "2207.TW":21.508,
    "2395.TW":21.180001,
    "3045.TW":16.823,
    "4904.TW":13.956,
    "1303.TW":0.714,
    "2912.TW":25.265,
    "6446.TW":14.565,
    "2615.TW":20.964001,
    "2609.TW":19.596,
    "6505.TW":1.433,
    "2347.TW":12.752,
    "2618.TW":27.024,
    "9939.TW":16.194999,
    "5434.TW":24.525999,
    "2474.TW":6.927,
    "3036.TW":10.596,
    "2324.TW":8.598,
    "1477.TW":32.228002,
    "2610.TW":19.15,
    "6196.TW":17.278999,
    "6257.TW":14.816,
    "1210.TW":13.299,
    "4766.TW":20.152001,
    "9917.TW":21.367,
    "2206.TW":17.458001,
    "4915.TW":13.848,
    "2393.TW":14.288999,
    "6670.TW":27.262,
    "6176.TW":16.803,
    "6278.TW":14.566,
    "2504.TW":16.664,
    "9904.TW":9.964,
    "2006.TW":14.983,
    "3044.TW":17.758,
    "2607.TW":9.262,
    "1215.TW":21.017,
    "3030.TW":23.686,
    "6605.TW":15.998,
    "2441.TW":11.213,
    "2385.TW":22.780001,
    "2850.TW":16.520001,
    "3592.TW":18.797001,
    "6239.TW":11.066,
    "3010.TW":11.571,
    "2015.TW":11.373,
    "2376.TW":24.437,
    "2356.TW":12.4,
    "2105.TW":8.609,
    "1102.TW":5.6750003,
    "2449.TW":11.1719996,
    "2377.TW":10.922,
    "3702.TW":8.284,
    "1504.TW":7.732,
    "4958.TW":8.76,
    "2353.TW":6.938,
    "3005.TW":20.357001,
    "2027.TW":6.35,
    "1319.TW":16.701001,
    "6285.TW":11.0819995,
    "3023.TW":22.293,
    "9941.TW":11.9770005
  },
  "rev_growth":{
    "2330.TW":33.8881328606,
    "2454.TW":22.4109766946,
    "2317.TW":11.3172522273,
    "2308.TW":4.9650399339,
    "2382.TW":29.9503773843,
    "2881.TW":101.9213007991,
    "2882.TW":36.0839458845,
    "2884.TW":13.2183069736,
    "2303.TW":4.3901731429,
    "3711.TW":2.3190889164,
    "2886.TW":7.6988206714,
    "2412.TW":3.1964604167,
    "2357.TW":21.7228972845,
    "1216.TW":13.1704031059,
    "2345.TW":31.1638062933,
    "2885.TW":23.1191414711,
    "3231.TW":21.0134711477,
    "2887.TW":23.9153519658,
    "3661.TW":70.4917422905,
    "3017.TW":21.229963208,
    "2383.TW":55.8901315343,
    "3034.TW":-6.9193489902,
    "2379.TW":19.1369621261,
    "2880.TW":11.0016620903,
    "6669.TW":49.044906964,
    "5880.TW":7.2058094479,
    "2883.TW":106.8101500238,
    "3008.TW":21.7338608521,
    "2301.TW":-7.5502596498,
    "2002.TW":-0.7681201386,
    "2603.TW":67.525501028,
    "2327.TW":13.0639157554,
    "5871.TW":1.999159503,
    "5876.TW":4.566942497,
    "1301.TW":0.4527345269,
    "1101.TW":41.4329703419,
    "4938.TW":-10.4580373696,
    "2207.TW":0.5291793338,
    "2395.TW":-7.405257152,
    "3045.TW":8.7408072607,
    "4904.TW":11.6683609168,
    "1303.TW":-0.0565382016,
    "2912.TW":6.589206673,
    "6446.TW":90.6687832906,
    "2615.TW":61.4437182424,
    "2609.TW":58.3701242478,
    "6505.TW":-6.8418152908,
    "2347.TW":7.5805510637,
    "2618.TW":10.3078775229,
    "9939.TW":7.5691670712,
    "5434.TW":15.675089153,
    "2474.TW":0.0570104356,
    "3036.TW":61.3795688245,
    "2324.TW":-3.8514002316,
    "1477.TW":9.4422991217,
    "2610.TW":10.3142944967,
    "6196.TW":7.8098666141,
    "6257.TW":17.6920625542,
    "1210.TW":-7.5240271644,
    "4766.TW":11.6679853466,
    "9917.TW":4.5995610747,
    "2206.TW":1.804658145,
    "4915.TW":-3.7110271156,
    "2393.TW":17.5253835381,
    "6670.TW":16.3580717572,
    "6176.TW":17.1121183762,
    "6278.TW":-2.5983474068,
    "2504.TW":3.2198839502,
    "9904.TW":6.9674630939,
    "2006.TW":-1.3105085228,
    "3044.TW":11.7928217449,
    "2607.TW":29.6049409133,
    "1215.TW":-4.1238043578,
    "3030.TW":43.3069506196,
    "6605.TW":8.639960537,
    "2441.TW":12.1087310049,
    "2385.TW":3.209552804,
    "2850.TW":4.5894437588,
    "3592.TW":32.868066939,
    "6239.TW":4.080151111,
    "3010.TW":19.8383137116,
    "2015.TW":-1.4411406127,
    "2376.TW":93.8598890958,
    "2356.TW":25.5496308666,
    "2105.TW":0.0475502866,
    "1102.TW":-4.845602858,
    "2449.TW":11.9394012399,
    "2377.TW":8.1470067765,
    "3702.TW":31.0563908443,
    "1504.TW":-7.0022876684,
    "4958.TW":13.3857791473,
    "2353.TW":9.686480036,
    "3005.TW":2.5172883959,
    "2027.TW":-10.7233670623,
    "1319.TW":7.2814079632,
    "6285.TW":-0.5185240553,
    "3023.TW":0.9926658046,
    "9941.TW":13.4424672922
  }
}