{
  "1101.TW":-0.3613829138,
  "1102.TW":0.0108424453,
  "1210.TW":0.1328460498,
  "1215.TW":0.2572493292,
  "1216.TW":0.0117891588,
  "1301.TW":-0.4306108306,
  "1303.TW":-0.5662201713,
  "1319.TW":0.1085747799,
  "1477.TW":-0.5062815897,
  "1504.TW":0.0406464397,
  "2002.TW":-0.1899589179,
  "2006.TW":-0.084040813,
  "2015.TW":-0.1519842414,
  "2027.TW":-0.0666229172,
  "2105.TW":-0.110976019,
  "2206.TW":-0.1504448873,
  "2207.TW":-0.1118602024,
  "2301.TW":0.1401174315,
  "2303.TW":-0.086297682,
  "2308.TW":0.3449582202,
  "2317.TW":-0.159345145,
  "2324.TW":-0.0772801842,
  "2327.TW":-0.1593094579,
  "2330.TW":0.2268097342,
  "2345.TW":0.4908547012,
  "2347.TW":-0.0263612664,
  "2353.TW":-0.3702039535,
  "2356.TW":-0.141705351,
  "2357.TW":0.3808751113,
  "2376.TW":0.0896608417,
  "2377.TW":-0.1646115278,
  "2379.TW":0.1710221691,
  "2382.TW":-0.005330444,
  "2383.TW":0.9731119111,
  "2385.TW":-0.1216341242,
  "2393.TW":0.0006832529,
  "2395.TW":-0.0898697566,
  "2412.TW":0.1118141539,
  "2441.TW":0.0202685189,
  "2449.TW":0.0167563243,
  "2454.TW":0.1906874716,
  "2474.TW":0.1126198461,
  "2504.TW":-0.1410380564,
  "2603.TW":0.3712592565,
  "2607.TW":0.1866961761,
  "2609.TW":0.1904773451,
  "2610.TW":0.0068298721,
  "2615.TW":0.3106825509,
  "2618.TW":0.227982775,
  "2850.TW":0.1113775114,
  "2880.TW":0.1182652572,
  "2881.TW":0.1180151455,
  "2882.TW":0.1005291444,
  "2883.TW":0.0571911591,
  "2884.TW":0.2382704846,
  "2885.TW":0.0748106722,
  "2886.TW":0.064892811,
  "2887.TW":-0.0128448541,
  "2912.TW":-0.0367811647,
  "3005.TW":0.1018187531,
  "3008.TW":-0.1192621796,
  "3010.TW":-0.3552169597,
  "3017.TW":0.371165186,
  "3023.TW":-0.3733200676,
  "3030.TW":0.0656935677,
  "3034.TW":-0.0011140772,
  "3036.TW":0.2376843258,
  "3044.TW":0.2472638626,
  "3045.TW":0.0680137721,
  "3231.TW":0.2135789568,
  "3592.TW":0.0541081579,
  "3661.TW":0.3707234113,
  "3702.TW":-0.206808288,
  "3711.TW":-0.0272406391,
  "4766.TW":-0.0099224719,
  "4904.TW":0.0184074118,
  "4915.TW":-0.1896266715,
  "4938.TW":-0.2623679287,
  "4958.TW":-0.1330463926,
  "5434.TW":0.0986842978,
  "5871.TW":-0.1336461499,
  "5876.TW":0.1222076454,
  "5880.TW":0.0351031695,
  "6176.TW":-0.1682099454,
  "6196.TW":0.3893814923,
  "6239.TW":-0.261940382,
  "6257.TW":0.0514440628,
  "6278.TW":-0.1144255021,
  "6285.TW":-0.1578341624,
  "6446.TW":-0.1369394164,
  "6505.TW":-0.5326110433,
  "6605.TW":-0.3467173757,
  "6669.TW":0.2224755829,
  "6670.TW":0.1169642226,
  "9904.TW":-0.1379843388,
  "9917.TW":-0.1277536033,
  "9939.TW":-0.1107375397,
  "9941.TW":-0.3615863142
}