{
  "pe":{
    "4904.TW":22.637362,
    "3045.TW":22.175732,
    "2912.TW":23.932787,
    "2884.TW":19.553074,
    "2887.TW":13.138686,
    "2347.TW":12.660377,
    "3034.TW":14.575376,
    "2303.TW":11.648794,
    "2618.TW":6.9314084,
    "2357.TW":12.331146,
    "9939.TW":15.667718,
    "5434.TW":14.839367,
    "2474.TW":12.4561405,
    "3036.TW":14.943821,
    "2324.TW":12.340426,
    "1477.TW":14.683692,
    "2610.TW":8.326694,
    "6196.TW":21.00298,
    "6257.TW":14.024605,
    "2885.TW":12.075471,
    "1210.TW":14.787737,
    "4766.TW":13.794643,
    "9917.TW":17.170952,
    "2206.TW":11.068965,
    "4915.TW":12.645051,
    "2393.TW":12.258065,
    "6670.TW":9.670782,
    "2883.TW":7.7638187,
    "6176.TW":10.491563,
    "6278.TW":10.12476,
    "2504.TW":10.089743,
    "9904.TW":5.680473,
    "2006.TW":10.556464,
    "2881.TW":7.2530327,
    "2882.TW":9.233038,
    "3044.TW":14.753123,
    "2607.TW":11.843003,
    "1215.TW":16.318539,
    "3030.TW":18.077387,
    "6605.TW":9.832069,
    "2441.TW":13.475336,
    "2385.TW":10.963455,
    "2850.TW":9.71831,
    "3592.TW":13.813005,
    "6239.TW":15.337764,
    "3010.TW":10.59752,
    "2015.TW":16.309227,
    "2330.TW":23.146292,
    "2454.TW":21.553043,
    "2317.TW":13.565574,
    "2308.TW":33.442837,
    "2382.TW":15.919674,
    "3711.TW":20.316624,
    "2886.TW":20.000002,
    "2412.TW":26.763485,
    "1216.TW":24.253521,
    "2345.TW":30.124575,
    "3231.TW":18.057663,
    "3661.TW":48.309772,
    "3017.TW":35.970932,
    "2383.TW":32.67453,
    "2379.TW":18.049984,
    "2880.TW":17.379519,
    "6669.TW":17.637043,
    "5880.TW":20.725807,
    "3008.TW":12.578778,
    "2301.TW":20.67736,
    "2002.TW":172.72728,
    "2603.TW":2.8860028,
    "2327.TW":12.988332,
    "5871.TW":10.007729,
    "5876.TW":15.754387,
    "1301.TW":20.0,
    "1101.TW":19.06504,
    "4938.TW":12.09895,
    "2207.TW":16.366854,
    "2395.TW":29.76827,
    "1303.TW":91.875,
    "6446.TW":46.95801,
    "2615.TW":5.013639,
    "2609.TW":3.5218365,
    "6505.TW":79.38776,
    "2376.TW":18.380953,
    "2356.TW":19.726027,
    "2105.TW":17.790178,
    "1102.TW":11.587537,
    "2449.TW":26.449276,
    "2377.TW":22.949526,
    "3702.TW":18.25,
    "1504.TW":17.573528,
    "4958.TW":12.908681,
    "2353.TW":19.223602,
    "3005.TW":16.34747,
    "2027.TW":19.797688,
    "1319.TW":12.7215185,
    "6285.TW":15.658602,
    "3023.TW":15.674196,
    "9941.TW":12.606577
  },
  "roe":{
    "4904.TW":13.956,
    "3045.TW":16.823,
    "2912.TW":25.265,
    "2884.TW":11.274,
    "2887.TW":8.767,
    "2347.TW":12.752,
    "3034.TW":28.523,
    "2303.TW":11.552,
    "2618.TW":27.024,
    "2357.TW":14.129,
    "9939.TW":16.194999,
    "5434.TW":24.525999,
    "2474.TW":6.927,
    "3036.TW":10.596,
    "2324.TW":8.598,
    "1477.TW":32.228002,
    "2610.TW":19.15,
    "6196.TW":17.278999,
    "6257.TW":14.816,
    "2885.TW":10.966,
    "1210.TW":13.299,
    "4766.TW":20.152001,
    "9917.TW":21.367,
    "2206.TW":17.458001,
    "4915.TW":13.848,
    "2393.TW":14.288999,
    "6670.TW":27.262,
    "2883.TW":11.5380004,
    "6176.TW":16.803,
    "6278.TW":14.566,
    "2504.TW":16.664,
    "9904.TW":9.964,
    "2006.TW":14.983,
    "2881.TW":17.561,
    "2882.TW":11.902001,
    "3044.TW":17.758,
    "2607.TW":9.262,
    "1215.TW":21.017,
    "3030.TW":23.686,
    "6605.TW":15.998,
    "2441.TW":11.213,
    "2385.TW":22.780001,
    "2850.TW":16.520001,
    "3592.TW":18.797001,
    "6239.TW":11.066,
    "3010.TW":11.571,
    "2015.TW":11.373,
    "2330.TW":31.641,
    "2454.TW":27.253,
    "2317.TW":10.9139994,
    "2308.TW":16.348,
    "2382.TW":35.954,
    "3711.TW":11.062,
    "2886.TW":8.483,
    "2412.TW":9.6269995,
    "1216.TW":15.042,
    "2345.TW":42.457,
    "3231.TW":20.895,
    "3661.TW":17.846,
    "3017.TW":37.394002,
    "2383.TW":37.338,
    "2379.TW":36.409,
    "2880.TW":10.195,
    "6669.TW":37.799,
    "5880.TW":7.503,
    "3008.TW":15.145001,
    "2301.TW":14.973,
    "2002.TW":1.031,
    "2603.TW":26.861,
    "2327.TW":13.623,
    "5871.TW":12.734,
    "5876.TW":5.6550004,
    "1301.TW":-0.447,
    "1101.TW":4.62,
    "4938.TW":8.9779995,
    "2207.TW":21.508,
    "2395.TW":21.180001,
    "1303.TW":0.714,
    "6446.TW":14.565,
    "2615.TW":20.964001,
    "2609.TW":19.596,
    "6505.TW":1.433,
    "2376.TW":24.437,
    "2356.TW":12.4,
    "2105.TW":8.609,
    "1102.TW":5.6750003,
    "2449.TW":11.1719996,
    "2377.TW":10.922,
    "3702.TW":8.284,
    "1504.TW":7.732,
    "4958.TW":8.76,
    "2353.TW":6.938,
    "3005.TW":20.357001,
    "2027.TW":6.35,
    "1319.TW":16.701001,
    "6285.TW":11.0819995,
    "3023.TW":22.293,
    "9941.TW":11.9770005
  }
}