{
  "2330.TW": 0.99782,
  "2317.TW": 0.00218
}