{
  "pe":{
    "2330.TW":23.046091,
    "2317.TW":13.5245905,
    "2454.TW":21.78233
  },
  "roe":{
    "2330.TW":31.641,
    "2317.TW":10.9139994,
    "2454.TW":27.253
  },
  "rev_growth":{
    "2330.TW":33.8881328606,
    "2317.TW":11.3172522273,
    "2454.TW":22.4109766946
  }
}