{
  "2317.TW":-0.1217307016,
  "2330.TW":0.2229932918,
  "2454.TW":0.1906874716
}